<Ui xsi:schemaLocation="http://www.blizzard.com/wow/ui/ ..\FrameXML\UI.xsd">
	<Script file="LibStub\LibStub.lua"/>
	<Include file="CallbackHandler-1.0\CallbackHandler-1.0.xml"/>
	
	<Include file="Ace3\AceAddon-3.0\AceAddon-3.0.xml"/>
	<Include file="Ace3\AceConsole-3.0\AceConsole-3.0.xml"/>
	<Include file="Ace3\AceDB-3.0\AceDB-3.0.xml"/>
	<Include file="Ace3\AceGUI-3.0\AceGUI-3.0.xml"/>
	<Include file="Ace3\AceDBOptions-3.0\AceDBOptions-3.0.xml"/>
	<Include file="Ace3\AceConfig-3.0\AceConfig-3.0.xml"/>
	<Include file="Ace3\AceEvent-3.0\AceEvent-3.0.xml"/>
	<Include file="Ace3\AceLocale-3.0\AceLocale-3.0.xml"/>
	<Include file="Ace3\AceSerializer-3.0\AceSerializer-3.0.xml"/>
	<Include file="LibSharedMedia-3.0\lib.xml"/>
	<Include file="Ace3\AceGUI-3.0-SharedMediaWidgets\widget.xml"/>

	<Include file="LibNameplate-1.0\lib.xml"/>
	<Include file="LibAuraInfo-1.0\lib.xml"/>
	<Script file="LibNameplateRegistry-1.0\LibNameplateRegistry-1.0.lua"/>
</Ui>
