<?xml version="1.0" encoding="utf-8"?>
<Ui xmlns:xsi="http://www.w3.org/2001/XMLSchema-instance" xmlns="http://www.blizzard.com/wow/ui/" xsi:schemaLocation="http://www.blizzard.com/wow/ui/
..\FrameXML\UI.xsd">
	<Include file="Quests-0.lua"/>
	<Include file="Quests1-10.lua"/>
	<Include file="Quests11-20.lua"/>
	<Include file="Quests21-30.lua"/>
	<Include file="Quests31-40.lua"/>
	<Include file="Quests41-50.lua"/>
	<Include file="Quests51-60.lua"/>
	<Include file="Quests61-70.lua"/>
	<Include file="Quests71-80.lua"/>
	<Include file="Quests81-85.lua"/>
	<Include file="Quests86-90.lua"/>
</Ui>