<?xml version="1.0" encoding="utf-8"?>
<Ui xmlns:xsi="http://www.w3.org/2001/XMLSchema-instance" xmlns="http://www.blizzard.com/wow/ui/" xsi:schemaLocation="http://www.blizzard.com/wow/ui/
..\FrameXML\UI.xsd">      
  <Include file="Guides\GuideDefault.lua"/>
  <Include file="Guides\AlchemyLab.lua"/>
  <Include file="Guides\AlchemyTrainer.lua"/>
  <Include file="Guides\AltarOfShadows.lua"/>
  <Include file="Guides\Anvil.lua"/>
  <Include file="Guides\ArcaneReforger.lua"/>
  <Include file="Guides\ArchaeologyTrainer.lua"/>
  <Include file="Guides\Auctioneer.lua"/>
  <Include file="Guides\Banker.lua"/>
  <Include file="Guides\Barber.lua"/>
  <Include file="Guides\BattlePetTrainer.lua"/>
  <Include file="Guides\BlacksmithingTrainer.lua"/>
  <Include file="Guides\CookingTrainer.lua"/>
  <Include file="Guides\DeathKnightTrainer.lua"/>
  <Include file="Guides\DruidTrainer.lua"/>
  <Include file="Guides\EnchantingTrainer.lua"/>
  <Include file="Guides\EngineeringTrainer.lua"/>
  <Include file="Guides\FirstAidTrainer.lua"/>
  <Include file="Guides\FishingTrainer.lua"/>
  <Include file="Guides\FlightMaster.lua"/>
  <Include file="Guides\FlyingTrainer.lua"/>
  <Include file="Guides\Forge.lua"/>
  <Include file="Guides\HerbalismTrainer.lua"/>
  <Include file="Guides\HunterTrainer.lua"/>
  <Include file="Guides\Innkeeper.lua"/>
  <Include file="Guides\InscriptionTrainer.lua"/>
  <Include file="Guides\JewelcraftingTrainer.lua"/>
  <Include file="Guides\LeatherworkingTrainer.lua"/>
  <Include file="Guides\MageTrainer.lua"/>
  <Include file="Guides\Mailbox.lua"/>
  <Include file="Guides\ManaLoom.lua"/>
  <Include file="Guides\MiningTrainer.lua"/>
  <Include file="Guides\MonkTrainer.lua"/>
  <Include file="Guides\Moonwell.lua"/>
  <Include file="Guides\PaladinTrainer.lua"/>
  <Include file="Guides\PriestTrainer.lua"/>
  <Include file="Guides\RidingTrainer.lua"/>
  <Include file="Guides\RogueTrainer.lua"/>
  <Include file="Guides\ShamanTrainer.lua"/>
  <Include file="Guides\SkinningTrainer.lua"/>
  <Include file="Guides\StableMaster.lua"/>
  <Include file="Guides\TailoringTrainer.lua"/>
  <Include file="Guides\Transmogrifier.lua"/>
  <Include file="Guides\VoidStorage.lua"/>
  <Include file="Guides\WarlockTrainer.lua"/>
  <Include file="Guides\WarriorTrainer.lua"/>
</Ui>